factor_id,date,holiday_flag,festival_flag,weather,competitor_spend,discount_percentage
EF001,2024-01-01,No,No,Cloudy,348036,20
EF002,2024-01-02,No,No,Sunny,196882,0
EF003,2024-01-03,No,No,Sunny,159932,20
EF004,2024-01-04,No,No,Cloudy,482106,10
EF005,2024-01-05,No,No,Sunny,177994,15
EF006,2024-01-06,No,No,Sunny,356620,20
EF007,2024-01-07,No,No,Rainy,163920,20
EF008,2024-01-08,No,No,Sunny,457442,5
EF009,2024-01-09,Yes,No,Sunny,312949,15
EF010,2024-01-10,No,No,Cloudy,497712,0
EF011,2024-01-11,No,No,Sunny,336946,20
EF012,2024-01-12,No,No,Cloudy,435443,5
EF013,2024-01-13,No,No,Sunny,427533,20
EF014,2024-01-14,No,No,Sunny,192525,10
EF015,2024-01-15,No,No,Cloudy,471388,20
EF016,2024-01-16,No,No,Sunny,207034,20
EF017,2024-01-17,No,No,Sunny,293421,0
EF018,2024-01-18,No,No,Rainy,422530,10
EF019,2024-01-19,No,No,Sunny,392850,5
EF020,2024-01-20,No,No,Rainy,368211,15
EF021,2024-01-21,No,No,Sunny,213282,5
EF022,2024-01-22,No,No,Sunny,337403,20
EF023,2024-01-23,No,No,Sunny,191016,5
EF024,2024-01-24,No,No,Cloudy,379938,5
EF025,2024-01-25,Yes,No,Rainy,325082,20
EF026,2024-01-26,No,No,Sunny,369165,0
EF027,2024-01-27,Yes,No,Sunny,321594,10
EF028,2024-01-28,No,No,Rainy,394497,15
EF029,2024-01-29,No,Yes,Sunny,380013,35
EF030,2024-01-30,No,No,Sunny,238739,10
EF031,2024-01-31,No,No,Cloudy,287021,15
EF032,2024-02-01,No,No,Rainy,480936,0
EF033,2024-02-02,No,No,Sunny,421154,0
EF034,2024-02-03,No,No,Sunny,447674,10
EF035,2024-02-04,No,No,Sunny,171130,0
EF036,2024-02-05,No,Yes,Sunny,272917,20
EF037,2024-02-06,No,No,Cloudy,405394,15
EF038,2024-02-07,No,No,Sunny,313034,15
EF039,2024-02-08,No,No,Sunny,206252,15
EF040,2024-02-09,No,No,Cloudy,349854,15
EF041,2024-02-10,Yes,No,Sunny,413357,0
EF042,2024-02-11,No,No,Sunny,193282,0
EF043,2024-02-12,No,No,Sunny,412296,10
EF044,2024-02-13,No,No,Sunny,459881,15
EF045,2024-02-14,No,No,Cloudy,425479,10
EF046,2024-02-15,No,Yes,Sunny,379052,40
EF047,2024-02-16,No,No,Sunny,371750,0
EF048,2024-02-17,Yes,No,Cloudy,246772,5
EF049,2024-02-18,No,No,Sunny,250430,0
EF050,2024-02-19,No,No,Cloudy,471609,0
EF051,2024-02-20,No,No,Cloudy,172162,0
EF052,2024-02-21,No,No,Sunny,421779,0
EF053,2024-02-22,No,No,Sunny,317521,0
EF054,2024-02-23,No,No,Sunny,246109,15
EF055,2024-02-24,No,No,Cloudy,262901,15
EF056,2024-02-25,No,No,Sunny,245926,5
EF057,2024-02-26,No,No,Cloudy,181006,20
EF058,2024-02-27,No,No,Sunny,255533,0
EF059,2024-02-28,No,No,Cloudy,343427,20
EF060,2024-02-29,No,No,Cloudy,390940,0
EF061,2024-03-01,No,No,Cloudy,244383,20
EF062,2024-03-02,No,No,Cloudy,307500,0
EF063,2024-03-03,Yes,No,Rainy,429495,20
EF064,2024-03-04,No,No,Rainy,268678,10
EF065,2024-03-05,No,No,Sunny,419722,5
EF066,2024-03-06,No,No,Cloudy,474141,10
EF067,2024-03-07,No,No,Rainy,464350,5
EF068,2024-03-08,No,No,Rainy,361397,20
EF069,2024-03-09,No,No,Cloudy,484394,15
EF070,2024-03-10,No,No,Rainy,448364,20
EF071,2024-03-11,No,No,Sunny,432554,5
EF072,2024-03-12,No,No,Cloudy,221581,5
EF073,2024-03-13,No,No,Rainy,474668,10
EF074,2024-03-14,Yes,No,Rainy,256641,0
EF075,2024-03-15,No,Yes,Rainy,334718,40
EF076,2024-03-16,No,No,Rainy,313012,0
EF077,2024-03-17,No,No,Rainy,267976,5
EF078,2024-03-18,No,No,Cloudy,192874,0
EF079,2024-03-19,No,No,Rainy,469654,0
EF080,2024-03-20,No,No,Cloudy,274748,5
EF081,2024-03-21,No,No,Cloudy,493374,5
EF082,2024-03-22,No,No,Cloudy,155779,0
EF083,2024-03-23,No,No,Rainy,323417,20
EF084,2024-03-24,No,Yes,Sunny,275845,40
EF085,2024-03-25,No,No,Cloudy,478236,15
EF086,2024-03-26,No,No,Rainy,440760,10
EF087,2024-03-27,No,No,Sunny,364170,0
EF088,2024-03-28,No,No,Rainy,470315,15
EF089,2024-03-29,No,No,Sunny,323349,5
EF090,2024-03-30,No,No,Rainy,405114,15
EF091,2024-03-31,No,No,Sunny,484476,20
EF092,2024-04-01,No,No,Sunny,291828,0
EF093,2024-04-02,Yes,No,Rainy,276607,15
EF094,2024-04-03,No,No,Rainy,490880,15
EF095,2024-04-04,No,No,Cloudy,271706,15
EF096,2024-04-05,No,No,Cloudy,365028,15
EF097,2024-04-06,No,No,Sunny,387058,5
EF098,2024-04-07,No,No,Cloudy,378095,0
EF099,2024-04-08,No,No,Sunny,175845,20
EF100,2024-04-09,No,No,Sunny,420728,10
EF101,2024-04-10,No,No,Sunny,187456,10
EF102,2024-04-11,No,No,Rainy,158767,10
EF103,2024-04-12,No,No,Cloudy,214561,20
EF104,2024-04-13,No,Yes,Cloudy,256866,30
EF105,2024-04-14,No,No,Rainy,384870,0
EF106,2024-04-15,No,No,Cloudy,372156,10
EF107,2024-04-16,No,No,Rainy,305962,5
EF108,2024-04-17,No,No,Cloudy,199716,20
EF109,2024-04-18,No,Yes,Sunny,416890,30
EF110,2024-04-19,No,No,Cloudy,187601,0
EF111,2024-04-20,No,No,Rainy,363929,10
EF112,2024-04-21,No,No,Sunny,498832,15
EF113,2024-04-22,Yes,No,Cloudy,435075,15
EF114,2024-04-23,No,No,Rainy,270858,15
EF115,2024-04-24,No,No,Rainy,497307,20
EF116,2024-04-25,No,No,Rainy,218691,15
EF117,2024-04-26,No,No,Cloudy,406360,10
EF118,2024-04-27,No,No,Sunny,305081,5
EF119,2024-04-28,No,No,Cloudy,159984,20
EF120,2024-04-29,No,No,Rainy,472638,10
EF121,2024-04-30,No,No,Sunny,298436,15
EF122,2024-05-01,No,No,Rainy,197055,15
EF123,2024-05-02,No,No,Rainy,289397,0
EF124,2024-05-03,No,No,Cloudy,432954,10
EF125,2024-05-04,No,No,Sunny,292243,20
EF126,2024-05-05,No,No,Sunny,221699,0
EF127,2024-05-06,No,No,Sunny,471595,0
EF128,2024-05-07,No,No,Sunny,356283,10
EF129,2024-05-08,No,No,Sunny,400085,10
EF130,2024-05-09,No,No,Cloudy,379994,10
EF131,2024-05-10,No,No,Sunny,368510,5
EF132,2024-05-11,No,No,Sunny,417179,15
EF133,2024-05-12,No,No,Rainy,232511,15
EF134,2024-05-13,No,No,Rainy,417891,5
EF135,2024-05-14,No,No,Cloudy,290763,0
EF136,2024-05-15,No,No,Cloudy,431310,5
EF137,2024-05-16,No,No,Sunny,190184,20
EF138,2024-05-17,No,No,Sunny,201496,15
EF139,2024-05-18,No,No,Sunny,447265,0
EF140,2024-05-19,No,No,Rainy,433724,0
EF141,2024-05-20,No,No,Cloudy,471597,15
EF142,2024-05-21,No,No,Rainy,170417,20
EF143,2024-05-22,No,No,Rainy,167453,15
EF144,2024-05-23,No,No,Sunny,224795,10
EF145,2024-05-24,No,No,Rainy,360217,5
EF146,2024-05-25,No,No,Rainy,211767,15
EF147,2024-05-26,No,No,Cloudy,320810,15
EF148,2024-05-27,No,No,Cloudy,207480,10
EF149,2024-05-28,No,No,Cloudy,254414,0
EF150,2024-05-29,No,No,Cloudy,392287,0
EF151,2024-05-30,No,No,Cloudy,364334,10
EF152,2024-05-31,No,No,Sunny,202326,10
EF153,2024-06-01,No,No,Rainy,316618,10
EF154,2024-06-02,No,No,Sunny,252872,15
EF155,2024-06-03,No,No,Cloudy,471686,0
EF156,2024-06-04,Yes,No,Rainy,228599,0
EF157,2024-06-05,No,No,Rainy,444292,20
EF158,2024-06-06,No,No,Rainy,201377,15
EF159,2024-06-07,No,No,Rainy,355717,5
EF160,2024-06-08,No,No,Cloudy,396568,5
EF161,2024-06-09,No,Yes,Rainy,338426,40
EF162,2024-06-10,No,No,Rainy,242976,15
EF163,2024-06-11,No,No,Rainy,291290,10
EF164,2024-06-12,No,No,Rainy,493118,15
EF165,2024-06-13,No,No,Cloudy,396508,5
EF166,2024-06-14,No,No,Cloudy,319382,10
EF167,2024-06-15,No,No,Sunny,451299,0
EF168,2024-06-16,No,No,Cloudy,435388,15
EF169,2024-06-17,No,No,Cloudy,433142,15
EF170,2024-06-18,No,No,Rainy,268666,20
EF171,2024-06-19,No,No,Sunny,282064,10
EF172,2024-06-20,No,No,Rainy,488449,5
EF173,2024-06-21,No,No,Sunny,300827,5
EF174,2024-06-22,No,No,Sunny,239682,15
EF175,2024-06-23,No,No,Rainy,345339,0
EF176,2024-06-24,No,No,Rainy,412531,20
EF177,2024-06-25,No,No,Rainy,454346,5
EF178,2024-06-26,No,No,Rainy,312114,5
EF179,2024-06-27,No,No,Cloudy,486926,15
EF180,2024-06-28,No,No,Cloudy,479420,5
EF181,2024-06-29,Yes,No,Rainy,216652,0
EF182,2024-06-30,No,No,Sunny,296448,0
EF183,2024-07-01,Yes,No,Rainy,352348,15
EF184,2024-07-02,No,No,Cloudy,207217,20
EF185,2024-07-03,No,No,Cloudy,303365,15
EF186,2024-07-04,No,No,Cloudy,161351,20
EF187,2024-07-05,No,No,Cloudy,397517,5
EF188,2024-07-06,Yes,No,Rainy,382989,5
EF189,2024-07-07,No,No,Cloudy,286985,0
EF190,2024-07-08,No,No,Rainy,342165,15
EF191,2024-07-09,No,No,Rainy,310124,10
EF192,2024-07-10,No,No,Rainy,209212,15
EF193,2024-07-11,No,No,Cloudy,398786,5
EF194,2024-07-12,No,No,Rainy,356358,10
EF195,2024-07-13,No,No,Sunny,301402,5
EF196,2024-07-14,No,No,Rainy,412129,0
EF197,2024-07-15,No,No,Rainy,166803,20
EF198,2024-07-16,No,No,Rainy,385022,20
EF199,2024-07-17,No,No,Rainy,300988,10
EF200,2024-07-18,No,No,Rainy,319654,0
EF201,2024-07-19,No,No,Cloudy,312825,0
EF202,2024-07-20,No,No,Sunny,290499,15
EF203,2024-07-21,No,No,Rainy,382116,20
EF204,2024-07-22,No,No,Cloudy,350409,10
EF205,2024-07-23,No,No,Rainy,229373,10
EF206,2024-07-24,No,No,Rainy,330890,5
EF207,2024-07-25,No,No,Cloudy,304695,5
EF208,2024-07-26,No,No,Sunny,284681,15
EF209,2024-07-27,No,No,Sunny,409263,20
EF210,2024-07-28,No,No,Sunny,271080,10
EF211,2024-07-29,No,No,Sunny,347462,10
EF212,2024-07-30,No,No,Sunny,349472,0
EF213,2024-07-31,No,No,Rainy,410910,20
EF214,2024-08-01,No,No,Rainy,270965,15
EF215,2024-08-02,No,No,Rainy,271672,15
EF216,2024-08-03,No,No,Cloudy,422769,10
EF217,2024-08-04,No,No,Rainy,396119,10
EF218,2024-08-05,No,No,Sunny,267139,5
EF219,2024-08-06,No,No,Sunny,172739,20
EF220,2024-08-07,No,Yes,Sunny,251554,25
EF221,2024-08-08,No,No,Sunny,383893,10
EF222,2024-08-09,No,No,Sunny,294915,20
EF223,2024-08-10,No,No,Cloudy,477347,0
EF224,2024-08-11,No,No,Rainy,154860,0
EF225,2024-08-12,No,No,Cloudy,307875,0
EF226,2024-08-13,No,No,Cloudy,224213,10
EF227,2024-08-14,No,No,Rainy,424142,10
EF228,2024-08-15,No,No,Cloudy,493634,20
EF229,2024-08-16,No,No,Rainy,449601,20
EF230,2024-08-17,No,No,Sunny,238236,20
EF231,2024-08-18,No,No,Sunny,156100,0
EF232,2024-08-19,No,No,Rainy,391163,20
EF233,2024-08-20,No,No,Cloudy,450244,5
EF234,2024-08-21,No,No,Rainy,414122,20
EF235,2024-08-22,No,No,Rainy,199031,0
EF236,2024-08-23,No,No,Rainy,190649,15
EF237,2024-08-24,Yes,No,Rainy,463481,10
EF238,2024-08-25,Yes,No,Rainy,302105,0
EF239,2024-08-26,No,No,Rainy,479654,0
EF240,2024-08-27,No,No,Rainy,159051,5
EF241,2024-08-28,No,No,Rainy,193165,20
EF242,2024-08-29,No,No,Rainy,427974,10
EF243,2024-08-30,No,No,Rainy,351293,20
EF244,2024-08-31,Yes,No,Sunny,227700,5
EF245,2024-09-01,No,No,Sunny,421610,0
EF246,2024-09-02,No,No,Rainy,286307,5
EF247,2024-09-03,No,No,Rainy,396208,20
EF248,2024-09-04,No,No,Rainy,433653,15
EF249,2024-09-05,No,No,Rainy,243857,0
EF250,2024-09-06,No,No,Cloudy,467418,15
EF251,2024-09-07,No,No,Rainy,230361,5
EF252,2024-09-08,No,No,Rainy,456460,0
EF253,2024-09-09,No,No,Rainy,302541,5
EF254,2024-09-10,No,No,Rainy,301231,5
EF255,2024-09-11,No,No,Cloudy,484992,10
EF256,2024-09-12,No,No,Rainy,201501,15
EF257,2024-09-13,No,No,Sunny,228053,5
EF258,2024-09-14,No,No,Rainy,307278,10
EF259,2024-09-15,No,No,Rainy,293841,15
EF260,2024-09-16,No,No,Rainy,306019,15
EF261,2024-09-17,No,No,Rainy,372184,5
EF262,2024-09-18,No,No,Sunny,335264,5
EF263,2024-09-19,No,No,Sunny,155837,15
EF264,2024-09-20,No,No,Rainy,298833,0
EF265,2024-09-21,Yes,No,Rainy,444966,20
EF266,2024-09-22,No,No,Rainy,262365,15
EF267,2024-09-23,No,No,Rainy,263068,15
EF268,2024-09-24,No,No,Rainy,245659,20
EF269,2024-09-25,No,No,Rainy,337040,5
EF270,2024-09-26,No,No,Rainy,252971,0
EF271,2024-09-27,No,No,Rainy,417501,20
EF272,2024-09-28,No,No,Rainy,203071,5
EF273,2024-09-29,No,No,Cloudy,282807,0
EF274,2024-09-30,No,No,Sunny,245063,20
EF275,2024-10-01,No,No,Sunny,158582,10
EF276,2024-10-02,No,Yes,Sunny,193546,35
EF277,2024-10-03,No,Yes,Cloudy,379162,25
EF278,2024-10-04,No,No,Cloudy,273640,20
EF279,2024-10-05,No,Yes,Sunny,302070,40
EF280,2024-10-06,No,No,Cloudy,272381,15
EF281,2024-10-07,No,No,Sunny,357882,15
EF282,2024-10-08,No,No,Cloudy,367455,20
EF283,2024-10-09,No,Yes,Sunny,212961,30
EF284,2024-10-10,No,Yes,Rainy,193392,35
EF285,2024-10-11,No,Yes,Cloudy,465311,25
EF286,2024-10-12,No,No,Cloudy,408399,0
EF287,2024-10-13,No,No,Rainy,338810,5
EF288,2024-10-14,No,Yes,Sunny,386059,40
EF289,2024-10-15,No,No,Cloudy,331153,0
EF290,2024-10-16,No,No,Sunny,255419,10
EF291,2024-10-17,No,No,Cloudy,437673,10
EF292,2024-10-18,No,No,Sunny,471102,15
EF293,2024-10-19,No,No,Cloudy,153566,15
EF294,2024-10-20,No,No,Cloudy,160236,10
EF295,2024-10-21,No,No,Rainy,468294,20
EF296,2024-10-22,Yes,No,Sunny,368101,0
EF297,2024-10-23,No,No,Sunny,312961,5
EF298,2024-10-24,No,No,Sunny,269541,0
EF299,2024-10-25,No,Yes,Cloudy,296439,30
EF300,2024-10-26,No,Yes,Cloudy,216209,25
EF301,2024-10-27,No,Yes,Sunny,341045,40
EF302,2024-10-28,No,No,Cloudy,259433,15
EF303,2024-10-29,No,No,Cloudy,269345,20
EF304,2024-10-30,No,No,Sunny,192239,5
EF305,2024-10-31,No,Yes,Rainy,172057,40
EF306,2024-11-01,No,No,Sunny,155323,0
EF307,2024-11-02,Yes,No,Sunny,216749,0
EF308,2024-11-03,No,No,Sunny,176823,5
EF309,2024-11-04,Yes,No,Cloudy,488129,0
EF310,2024-11-05,No,No,Sunny,181659,15
EF311,2024-11-06,No,No,Sunny,274350,0
EF312,2024-11-07,No,No,Sunny,271488,20
EF313,2024-11-08,No,No,Cloudy,462283,5
EF314,2024-11-09,No,No,Sunny,176480,0
EF315,2024-11-10,No,No,Sunny,453074,20
EF316,2024-11-11,No,Yes,Rainy,438321,40
EF317,2024-11-12,Yes,No,Sunny,190421,15
EF318,2024-11-13,No,Yes,Cloudy,312414,40
EF319,2024-11-14,No,No,Sunny,460181,20
EF320,2024-11-15,No,No,Sunny,367555,5
EF321,2024-11-16,No,No,Rainy,153459,0
EF322,2024-11-17,No,No,Sunny,174326,10
EF323,2024-11-18,No,No,Cloudy,339307,5
EF324,2024-11-19,No,Yes,Rainy,155704,40
EF325,2024-11-20,Yes,No,Sunny,263791,20
EF326,2024-11-21,No,Yes,Rainy,497992,35
EF327,2024-11-22,Yes,Yes,Rainy,415899,20
EF328,2024-11-23,No,Yes,Sunny,363389,20
EF329,2024-11-24,No,No,Cloudy,162420,0
EF330,2024-11-25,No,No,Sunny,445933,5
EF331,2024-11-26,No,Yes,Sunny,306100,20
EF332,2024-11-27,No,No,Cloudy,332249,10
EF333,2024-11-28,No,No,Sunny,452673,15
EF334,2024-11-29,Yes,Yes,Sunny,305816,40
EF335,2024-11-30,No,Yes,Sunny,366183,30
EF336,2024-12-01,No,No,Cloudy,380773,10
EF337,2024-12-02,No,No,Sunny,185532,20
EF338,2024-12-03,No,No,Sunny,378157,5
EF339,2024-12-04,No,No,Rainy,291693,10
EF340,2024-12-05,No,Yes,Sunny,421613,20
EF341,2024-12-06,No,No,Sunny,215147,20
EF342,2024-12-07,No,Yes,Rainy,202050,40
EF343,2024-12-08,No,No,Sunny,256977,20
EF344,2024-12-09,No,Yes,Sunny,255915,35
EF345,2024-12-10,No,No,Rainy,462785,0
EF346,2024-12-11,No,No,Cloudy,222398,15
EF347,2024-12-12,No,Yes,Cloudy,404246,25
EF348,2024-12-13,No,No,Sunny,497988,10
EF349,2024-12-14,No,No,Cloudy,483227,5
EF350,2024-12-15,No,No,Cloudy,265097,10
EF351,2024-12-16,No,Yes,Sunny,340512,40
EF352,2024-12-17,No,No,Rainy,219003,20
EF353,2024-12-18,No,Yes,Rainy,304289,35
EF354,2024-12-19,No,No,Rainy,175430,0
EF355,2024-12-20,No,Yes,Sunny,397083,35
EF356,2024-12-21,No,No,Cloudy,177023,5
EF357,2024-12-22,No,No,Cloudy,450849,10
EF358,2024-12-23,Yes,No,Sunny,306368,0
EF359,2024-12-24,No,No,Sunny,360840,5
EF360,2024-12-25,No,No,Cloudy,288242,0
EF361,2024-12-26,No,Yes,Rainy,383129,30
EF362,2024-12-27,No,No,Sunny,373600,0
EF363,2024-12-28,No,No,Sunny,231696,20
EF364,2024-12-29,No,No,Cloudy,237756,0
EF365,2024-12-30,No,No,Sunny,330093,15
EF366,2024-12-31,No,Yes,Sunny,390090,40
EF367,2025-01-01,No,No,Cloudy,479003,5
EF368,2025-01-02,No,No,Sunny,345320,5
EF369,2025-01-03,No,No,Sunny,312875,10
EF370,2025-01-04,No,No,Cloudy,422829,10
EF371,2025-01-05,No,No,Cloudy,185167,0
EF372,2025-01-06,No,No,Sunny,157054,20
EF373,2025-01-07,No,No,Sunny,280423,0
EF374,2025-01-08,No,No,Rainy,490536,15
EF375,2025-01-09,No,No,Cloudy,375266,5
EF376,2025-01-10,No,No,Cloudy,493606,10
EF377,2025-01-11,No,No,Cloudy,242287,15
EF378,2025-01-12,No,No,Cloudy,263871,5
EF379,2025-01-13,No,No,Sunny,491655,15
EF380,2025-01-14,Yes,No,Rainy,150875,10
EF381,2025-01-15,No,No,Sunny,266704,10
EF382,2025-01-16,No,No,Sunny,457378,15
EF383,2025-01-17,No,No,Sunny,423724,15
EF384,2025-01-18,No,No,Cloudy,206056,15
EF385,2025-01-19,No,No,Sunny,453356,5
EF386,2025-01-20,No,No,Cloudy,194893,0
EF387,2025-01-21,No,No,Sunny,447470,10
EF388,2025-01-22,No,No,Sunny,364456,20
EF389,2025-01-23,Yes,No,Rainy,411089,15
EF390,2025-01-24,No,No,Sunny,467287,10
EF391,2025-01-25,No,No,Cloudy,373659,15
EF392,2025-01-26,No,No,Sunny,389379,15
EF393,2025-01-27,No,No,Cloudy,243652,15
EF394,2025-01-28,No,No,Sunny,290992,15
EF395,2025-01-29,No,No,Cloudy,383748,5
EF396,2025-01-30,No,No,Sunny,175542,10
EF397,2025-01-31,No,No,Rainy,234191,15
EF398,2025-02-01,No,No,Sunny,245659,20
EF399,2025-02-02,No,No,Sunny,378112,5
EF400,2025-02-03,No,No,Cloudy,267679,5
EF401,2025-02-04,No,No,Sunny,449832,5
EF402,2025-02-05,No,No,Cloudy,300743,0
EF403,2025-02-06,No,No,Sunny,354877,0
EF404,2025-02-07,No,No,Cloudy,208116,5
EF405,2025-02-08,No,No,Sunny,448925,10
EF406,2025-02-09,Yes,No,Sunny,302554,10
EF407,2025-02-10,No,Yes,Cloudy,260789,40
EF408,2025-02-11,No,No,Sunny,492363,10
EF409,2025-02-12,No,No,Cloudy,248326,15
EF410,2025-02-13,No,No,Sunny,463057,20
EF411,2025-02-14,No,No,Sunny,284910,15
EF412,2025-02-15,No,No,Rainy,396728,0
EF413,2025-02-16,No,Yes,Sunny,418704,25
EF414,2025-02-17,Yes,No,Cloudy,330131,15
EF415,2025-02-18,No,No,Rainy,333847,20
EF416,2025-02-19,No,No,Sunny,429204,5
EF417,2025-02-20,No,No,Sunny,227231,15
EF418,2025-02-21,No,No,Cloudy,283097,20
EF419,2025-02-22,No,No,Cloudy,343574,10
EF420,2025-02-23,No,No,Cloudy,252176,10
EF421,2025-02-24,No,No,Sunny,396509,20
EF422,2025-02-25,No,No,Sunny,204022,15
EF423,2025-02-26,Yes,No,Cloudy,407495,15
EF424,2025-02-27,Yes,No,Sunny,312992,5
EF425,2025-02-28,No,No,Cloudy,370920,5
EF426,2025-03-01,No,No,Sunny,197443,10
EF427,2025-03-02,No,No,Cloudy,187536,10
EF428,2025-03-03,No,No,Rainy,403151,20
EF429,2025-03-04,No,Yes,Sunny,359434,40
EF430,2025-03-05,No,No,Sunny,484613,0
EF431,2025-03-06,Yes,No,Rainy,273692,5
EF432,2025-03-07,No,No,Sunny,291217,10
EF433,2025-03-08,No,No,Rainy,301937,10
EF434,2025-03-09,No,No,Rainy,309480,10
EF435,2025-03-10,No,No,Sunny,374073,0
EF436,2025-03-11,No,No,Sunny,442494,15
EF437,2025-03-12,No,No,Rainy,272234,15
EF438,2025-03-13,No,No,Rainy,210645,10
EF439,2025-03-14,No,No,Sunny,495067,0
EF440,2025-03-15,No,No,Sunny,252055,0
EF441,2025-03-16,No,No,Rainy,305598,5
EF442,2025-03-17,No,No,Cloudy,341845,10
EF443,2025-03-18,Yes,No,Sunny,212666,5
EF444,2025-03-19,No,No,Rainy,217904,20
EF445,2025-03-20,No,No,Rainy,485539,0
EF446,2025-03-21,Yes,Yes,Rainy,239058,25
EF447,2025-03-22,No,No,Cloudy,167781,0
EF448,2025-03-23,No,No,Rainy,284454,10
EF449,2025-03-24,No,No,Sunny,424455,10
EF450,2025-03-25,No,No,Sunny,358566,20
EF451,2025-03-26,No,No,Sunny,356142,10
EF452,2025-03-27,No,No,Sunny,326749,5
EF453,2025-03-28,No,No,Rainy,171756,5
EF454,2025-03-29,No,No,Cloudy,366685,0
EF455,2025-03-30,No,Yes,Sunny,315336,20
EF456,2025-03-31,No,No,Sunny,250185,15
EF457,2025-04-01,No,No,Sunny,254914,15
EF458,2025-04-02,No,No,Rainy,406183,0
EF459,2025-04-03,No,Yes,Sunny,492419,25
EF460,2025-04-04,No,No,Sunny,464858,0
EF461,2025-04-05,No,No,Cloudy,203652,20
EF462,2025-04-06,No,No,Sunny,304066,15
EF463,2025-04-07,No,No,Sunny,229436,5
EF464,2025-04-08,No,No,Rainy,155086,15
EF465,2025-04-09,No,No,Rainy,287155,5
EF466,2025-04-10,No,No,Cloudy,456098,20
EF467,2025-04-11,No,No,Sunny,314442,10
EF468,2025-04-12,No,No,Rainy,430121,20
EF469,2025-04-13,No,No,Sunny,244044,10
EF470,2025-04-14,No,No,Cloudy,337766,15
EF471,2025-04-15,No,No,Cloudy,168278,5
EF472,2025-04-16,No,No,Cloudy,262416,10
EF473,2025-04-17,No,No,Sunny,154492,15
EF474,2025-04-18,No,No,Cloudy,391159,15
EF475,2025-04-19,No,Yes,Sunny,201685,25
EF476,2025-04-20,No,No,Sunny,470283,10
EF477,2025-04-21,No,No,Cloudy,213173,10
EF478,2025-04-22,No,No,Sunny,435387,20
EF479,2025-04-23,No,No,Cloudy,247256,20
EF480,2025-04-24,No,No,Sunny,312102,0
EF481,2025-04-25,No,No,Rainy,199241,10
EF482,2025-04-26,Yes,No,Rainy,370073,20
EF483,2025-04-27,No,No,Rainy,467401,10
EF484,2025-04-28,No,No,Rainy,191978,0
EF485,2025-04-29,No,No,Rainy,262450,10
EF486,2025-04-30,No,No,Sunny,216894,0
EF487,2025-05-01,No,No,Sunny,163364,10
EF488,2025-05-02,Yes,No,Rainy,423337,15
EF489,2025-05-03,No,No,Sunny,322980,15
EF490,2025-05-04,No,No,Rainy,272583,0
EF491,2025-05-05,No,No,Sunny,438538,15
EF492,2025-05-06,No,Yes,Sunny,295258,25
EF493,2025-05-07,No,No,Sunny,309795,10
EF494,2025-05-08,No,No,Rainy,438987,5
EF495,2025-05-09,No,No,Cloudy,261960,10
EF496,2025-05-10,No,No,Sunny,492435,10
EF497,2025-05-11,Yes,No,Sunny,199720,0
EF498,2025-05-12,Yes,No,Sunny,206043,15
EF499,2025-05-13,No,No,Rainy,325480,0
EF500,2025-05-14,No,No,Rainy,349739,20
EF501,2025-05-15,No,No,Rainy,154083,15
EF502,2025-05-16,No,No,Rainy,359706,0
EF503,2025-05-17,No,No,Rainy,397705,20
EF504,2025-05-18,No,Yes,Cloudy,249847,25
EF505,2025-05-19,No,No,Cloudy,427280,10
EF506,2025-05-20,No,No,Cloudy,251806,0
EF507,2025-05-21,No,No,Sunny,333112,10
EF508,2025-05-22,No,No,Sunny,190927,10
EF509,2025-05-23,No,No,Cloudy,167681,15
EF510,2025-05-24,No,No,Cloudy,251385,15
EF511,2025-05-25,No,No,Cloudy,181496,20
EF512,2025-05-26,Yes,No,Cloudy,356772,15
EF513,2025-05-27,No,No,Cloudy,232649,20
EF514,2025-05-28,No,No,Sunny,196955,5
EF515,2025-05-29,No,No,Sunny,395207,0
EF516,2025-05-30,No,No,Sunny,218743,0
EF517,2025-05-31,No,No,Sunny,232932,5
EF518,2025-06-01,No,No,Cloudy,393302,5
EF519,2025-06-02,No,No,Cloudy,402064,15
EF520,2025-06-03,No,No,Sunny,239119,15
EF521,2025-06-04,No,No,Sunny,488472,20
EF522,2025-06-05,No,No,Rainy,391639,5
EF523,2025-06-06,No,No,Sunny,321226,15
EF524,2025-06-07,No,No,Rainy,310983,20
EF525,2025-06-08,No,No,Sunny,293032,10
EF526,2025-06-09,No,No,Cloudy,171974,0
EF527,2025-06-10,No,No,Rainy,200426,10
EF528,2025-06-11,No,No,Cloudy,246119,15
EF529,2025-06-12,No,No,Rainy,224634,20
EF530,2025-06-13,No,No,Rainy,234192,10
EF531,2025-06-14,No,No,Rainy,493674,15
EF532,2025-06-15,No,No,Rainy,446218,15
EF533,2025-06-16,No,No,Rainy,472329,5
EF534,2025-06-17,No,No,Rainy,338586,5
EF535,2025-06-18,No,No,Cloudy,405912,15
EF536,2025-06-19,No,No,Rainy,297152,15
EF537,2025-06-20,No,No,Cloudy,459044,15
EF538,2025-06-21,No,No,Cloudy,387444,15
EF539,2025-06-22,No,No,Rainy,260497,20
EF540,2025-06-23,No,No,Rainy,383690,20
EF541,2025-06-24,No,No,Rainy,326258,15
EF542,2025-06-25,No,No,Rainy,329283,0
EF543,2025-06-26,No,No,Cloudy,155535,15
EF544,2025-06-27,No,No,Cloudy,258951,15
EF545,2025-06-28,Yes,No,Rainy,168621,20
EF546,2025-06-29,No,No,Sunny,153895,15
EF547,2025-06-30,No,No,Rainy,405141,10
EF548,2025-07-01,No,No,Cloudy,552591,0
EF549,2025-07-02,No,No,Cloudy,513937,5
EF550,2025-07-03,No,No,Sunny,631080,20
EF551,2025-07-04,No,No,Rainy,501955,0
EF552,2025-07-05,No,No,Rainy,543137,20
EF553,2025-07-06,No,No,Rainy,451564,10
EF554,2025-07-07,No,No,Cloudy,665007,0
EF555,2025-07-08,No,No,Cloudy,658172,0
EF556,2025-07-09,No,No,Rainy,743190,10
EF557,2025-07-10,No,No,Rainy,734249,5
EF558,2025-07-11,No,No,Rainy,674246,0
EF559,2025-07-12,No,No,Rainy,564814,5
EF560,2025-07-13,Yes,No,Sunny,497677,0
EF561,2025-07-14,No,No,Cloudy,720291,0
EF562,2025-07-15,No,No,Sunny,514650,10
EF563,2025-07-16,No,No,Rainy,676313,0
EF564,2025-07-17,No,No,Rainy,618973,10
EF565,2025-07-18,Yes,No,Rainy,689151,5
EF566,2025-07-19,No,No,Rainy,644649,20
EF567,2025-07-20,No,No,Rainy,668198,10
EF568,2025-07-21,No,No,Rainy,779792,0
EF569,2025-07-22,No,No,Rainy,650901,5
EF570,2025-07-23,No,No,Cloudy,503554,0
EF571,2025-07-24,No,No,Rainy,580938,20
EF572,2025-07-25,No,No,Rainy,556202,15
EF573,2025-07-26,No,No,Cloudy,626785,5
EF574,2025-07-27,Yes,No,Rainy,509695,5
EF575,2025-07-28,No,No,Rainy,559758,15
EF576,2025-07-29,No,Yes,Cloudy,761676,30
EF577,2025-07-30,No,No,Cloudy,733269,5
EF578,2025-07-31,No,No,Sunny,498801,10
EF579,2025-08-01,No,No,Cloudy,767135,0
EF580,2025-08-02,No,No,Cloudy,511458,15
EF581,2025-08-03,No,No,Cloudy,645153,0
EF582,2025-08-04,No,No,Rainy,751323,5
EF583,2025-08-05,No,No,Cloudy,502466,20
EF584,2025-08-06,No,No,Rainy,753641,15
EF585,2025-08-07,No,No,Sunny,455413,0
EF586,2025-08-08,No,No,Cloudy,745549,15
EF587,2025-08-09,No,No,Sunny,455189,15
EF588,2025-08-10,No,No,Rainy,665155,0
EF589,2025-08-11,No,No,Rainy,560427,5
EF590,2025-08-12,No,No,Sunny,647074,15
EF591,2025-08-13,No,No,Rainy,627497,5
EF592,2025-08-14,No,No,Sunny,591045,20
EF593,2025-08-15,No,No,Cloudy,747535,20
EF594,2025-08-16,No,No,Rainy,525235,15
EF595,2025-08-17,No,No,Rainy,688726,10
EF596,2025-08-18,No,No,Rainy,527844,5
EF597,2025-08-19,No,No,Rainy,487181,5
EF598,2025-08-20,No,No,Rainy,469407,15
EF599,2025-08-21,No,No,Rainy,496788,5
EF600,2025-08-22,No,No,Rainy,565250,10
EF601,2025-08-23,No,No,Rainy,654771,15
EF602,2025-08-24,No,No,Rainy,606704,15
EF603,2025-08-25,No,No,Rainy,768276,20
EF604,2025-08-26,No,No,Rainy,691522,0
EF605,2025-08-27,No,Yes,Cloudy,681610,30
EF606,2025-08-28,No,No,Rainy,650777,10
EF607,2025-08-29,No,No,Rainy,595598,20
EF608,2025-08-30,No,No,Rainy,491941,15
EF609,2025-08-31,No,No,Sunny,712307,20
EF610,2025-09-01,No,No,Rainy,784884,10
EF611,2025-09-02,No,No,Sunny,567978,5
EF612,2025-09-03,Yes,No,Cloudy,704281,5
EF613,2025-09-04,No,No,Rainy,708754,15
EF614,2025-09-05,No,No,Cloudy,679507,20
EF615,2025-09-06,No,No,Rainy,592700,10
EF616,2025-09-07,No,No,Cloudy,634370,20
EF617,2025-09-08,No,No,Rainy,541234,15
EF618,2025-09-09,No,No,Cloudy,561496,15
EF619,2025-09-10,No,No,Rainy,733510,0
EF620,2025-09-11,No,No,Rainy,774911,15
EF621,2025-09-12,No,No,Cloudy,603730,10
EF622,2025-09-13,No,No,Cloudy,548474,10
EF623,2025-09-14,No,No,Sunny,667767,5
EF624,2025-09-15,No,No,Sunny,775422,20
EF625,2025-09-16,Yes,No,Cloudy,501023,10
EF626,2025-09-17,No,No,Rainy,657745,10
EF627,2025-09-18,No,No,Sunny,747953,0
EF628,2025-09-19,No,No,Rainy,646269,10
EF629,2025-09-20,No,No,Cloudy,636727,15
EF630,2025-09-21,No,No,Rainy,603742,15
EF631,2025-09-22,No,No,Cloudy,502489,0
EF632,2025-09-23,No,No,Rainy,740209,10
EF633,2025-09-24,No,No,Rainy,566399,20
EF634,2025-09-25,No,No,Cloudy,617783,15
EF635,2025-09-26,No,No,Cloudy,632465,5
EF636,2025-09-27,No,No,Cloudy,542393,5
EF637,2025-09-28,No,No,Sunny,466235,5
EF638,2025-09-29,No,No,Rainy,730333,15
EF639,2025-09-30,No,No,Cloudy,633211,15
EF640,2025-10-01,No,No,Sunny,752710,20
EF641,2025-10-02,No,No,Sunny,475919,5
EF642,2025-10-03,No,No,Cloudy,617687,5
EF643,2025-10-04,No,No,Rainy,637834,5
EF644,2025-10-05,No,No,Sunny,530936,15
EF645,2025-10-06,No,No,Rainy,661538,0
EF646,2025-10-07,No,No,Sunny,645667,15
EF647,2025-10-08,No,No,Sunny,703733,20
EF648,2025-10-09,No,No,Sunny,695051,10
EF649,2025-10-10,No,Yes,Sunny,659888,40
EF650,2025-10-11,No,No,Cloudy,514131,20
EF651,2025-10-12,Yes,No,Sunny,795112,0
EF652,2025-10-13,No,No,Sunny,744779,20
EF653,2025-10-14,No,No,Rainy,549894,20
EF654,2025-10-15,No,No,Sunny,770104,10
EF655,2025-10-16,No,No,Sunny,661200,10
EF656,2025-10-17,No,No,Sunny,706027,5
EF657,2025-10-18,Yes,No,Cloudy,739154,10
EF658,2025-10-19,No,No,Sunny,570466,0
EF659,2025-10-20,No,Yes,Sunny,527502,30
EF660,2025-10-21,No,Yes,Sunny,597038,35
EF661,2025-10-22,No,Yes,Sunny,657566,30
EF662,2025-10-23,No,No,Sunny,521994,15
EF663,2025-10-24,No,No,Cloudy,649295,15
EF664,2025-10-25,No,No,Cloudy,455645,20
EF665,2025-10-26,No,No,Sunny,463013,15
EF666,2025-10-27,No,No,Sunny,602589,5
EF667,2025-10-28,No,No,Sunny,589392,15
EF668,2025-10-29,No,Yes,Sunny,593686,25
EF669,2025-10-30,No,No,Rainy,703039,0
EF670,2025-10-31,Yes,No,Sunny,564341,20
EF671,2025-11-01,No,No,Cloudy,586341,15
EF672,2025-11-02,No,No,Sunny,721584,15
EF673,2025-11-03,No,Yes,Cloudy,660441,40
EF674,2025-11-04,No,No,Sunny,648773,5
EF675,2025-11-05,No,No,Sunny,570734,5
EF676,2025-11-06,No,No,Cloudy,766064,10
EF677,2025-11-07,No,Yes,Sunny,503341,35
EF678,2025-11-08,No,No,Cloudy,596445,10
EF679,2025-11-09,No,No,Sunny,774874,0
EF680,2025-11-10,No,Yes,Cloudy,697971,35
EF681,2025-11-11,No,Yes,Sunny,591399,40
EF682,2025-11-12,No,Yes,Sunny,757189,25
EF683,2025-11-13,No,No,Sunny,787324,10
EF684,2025-11-14,No,No,Cloudy,510227,20
EF685,2025-11-15,No,No,Rainy,539591,5
EF686,2025-11-16,No,No,Sunny,501064,15
EF687,2025-11-17,No,No,Sunny,681883,5
EF688,2025-11-18,Yes,No,Sunny,591413,5
EF689,2025-11-19,No,No,Rainy,581475,5
EF690,2025-11-20,No,No,Sunny,657111,5
EF691,2025-11-21,No,No,Sunny,637445,10
EF692,2025-11-22,No,Yes,Sunny,773555,20
EF693,2025-11-23,No,No,Sunny,607597,10
EF694,2025-11-24,No,No,Sunny,626598,20
EF695,2025-11-25,No,No,Rainy,613403,0
EF696,2025-11-26,No,No,Rainy,773699,10
EF697,2025-11-27,No,No,Cloudy,738040,15
EF698,2025-11-28,No,No,Cloudy,722858,15
EF699,2025-11-29,No,Yes,Sunny,769876,20
EF700,2025-11-30,No,Yes,Cloudy,682918,20
EF701,2025-12-01,No,No,Sunny,698157,0
EF702,2025-12-02,No,No,Cloudy,516434,5
EF703,2025-12-03,No,No,Cloudy,621465,10
EF704,2025-12-04,No,Yes,Sunny,740626,25
EF705,2025-12-05,No,Yes,Rainy,646314,30
EF706,2025-12-06,No,No,Sunny,636149,10
EF707,2025-12-07,No,No,Sunny,715134,15
EF708,2025-12-08,No,No,Sunny,615167,5
EF709,2025-12-09,No,No,Sunny,790499,5
EF710,2025-12-10,No,No,Sunny,577259,10
EF711,2025-12-11,No,No,Sunny,633021,10
EF712,2025-12-12,No,No,Sunny,477600,10
EF713,2025-12-13,No,No,Sunny,719278,10
EF714,2025-12-14,No,No,Sunny,452329,15
EF715,2025-12-15,No,No,Sunny,512071,10
EF716,2025-12-16,No,No,Cloudy,589993,15
EF717,2025-12-17,No,No,Sunny,691225,0
EF718,2025-12-18,No,No,Cloudy,454003,5
EF719,2025-12-19,No,No,Sunny,731183,15
EF720,2025-12-20,No,No,Sunny,794930,10
EF721,2025-12-21,No,No,Sunny,509758,20
EF722,2025-12-22,No,No,Cloudy,452052,15
EF723,2025-12-23,No,No,Sunny,783688,5
EF724,2025-12-24,No,No,Cloudy,581493,10
EF725,2025-12-25,No,Yes,Sunny,665326,20
EF726,2025-12-26,No,No,Cloudy,711998,10
EF727,2025-12-27,No,No,Sunny,570133,5
EF728,2025-12-28,No,Yes,Cloudy,764081,20
EF729,2025-12-29,No,No,Sunny,627513,5
EF730,2025-12-30,No,No,Sunny,698232,20
EF731,2025-12-31,No,No,Sunny,594739,0
